"inputfile,outputfile,vowel,interval,duration,start,end,previous_sound,next_sound,omit,word,word_interval,word_start,word_end,previous_word,next_word"
"bnew_01,bnew_01_0001,ɔ,2,0.07815562229751549,37.12740474644154,37.20556036873906,-,-,0,worse,92,37.07,38.28,-,according"
"bnew_01,bnew_01_0002,ɔ,4,0.09937295362939835,91.41508740409519,91.51446035772459,-,-,0,urge,216,91.43,91.47384046764383,-,the"
"bnew_01,bnew_01_0003,ɒ,6,0.08547874237785891,159.16367944101123,159.24915818338908,-,-,0,thursday,353,158.9,159.29,-,on"
"bnew_01,bnew_01_0004,ɒ,8,0.07999999999998408,161.33,161.41,-,-,0,occurred,363,161.11,161.48,-,close"
"bnew_01,bnew_01_0005,ɑ,10,0.10857548829096686,182.96,183.06857548829097,-,-,0,swerved,417,182.83,183.24,mechanic,-"
"bnew_01,bnew_01_0006,ɒ,12,0.09639157422424205,219.53360842577575,219.63,-,-,0,working,491,219.4,219.91,already,-"
"bnew_01,bnew_01_0007,ɛ,14,0.1399121115588855,286.64151166833057,286.78142377988945,-,-,0,person,607,286.67,286.8,twenty,three"
"bnew_01,bnew_01_0008,ɛ,16,0.09303888863422571,294.73,294.82303888863424,-,-,0,earlier,627,294.73,295.08,had,taken"
"bnew_01,bnew_01_0009,ɑ,18,0.2911619662244789,300.3112495718652,300.60241153808965,-,-,0,transferred,641,299.77,300.6196930917357,illegally,into"
"bnew_03,bnew_03_0001,ɛ,2,0.07000000000005002,810.28,810.35,-,-,0,personnel,1619,810.17,810.69,and,-"
"bnew_03,bnew_03_0002,æ,4,0.11000000000001364,814.96,815.07,-,-,0,Sir,1633,814.82,815.07,commissioner,Samuel"
"bnew_03,bnew_03_0003,ɒ,6,0.2034353565162519,869.5335224562368,869.7369578127531,-,-,0,work,1720,869.47,869.81,of,-"
"bnew_03,bnew_03_0004,ɒ,8,0.08999999999991815,871.19,871.28,-,-,0,third,1728,871.07,871.31,the,-"
"bnew_03,bnew_03_0005,ɒ,10,0.10000000000002274,874.38,874.48,-,-,0,third,1741,874.23,874.51,the,-"
"bnew_03,bnew_03_0006,ɑ,12,0.10000000000002274,878.42,878.52,-,-,0,Sir,1754,878.28,878.52,-,Samuel"
"bnew_05,bnew_05_0001,ɒ,2,0.16000000000000014,14.87,15.03,-,-,0,return,33,14.68,15.1,governments,-"
"bnew_05,bnew_05_0002,ɛ,4,0.18999999999999773,32.02,32.21,-,-,0,interpret,73,31.78,32.45,to,is"
"bnew_05,bnew_05_0003,ɒ,6,0.10999999999999943,33.85,33.96,-,-,0,courtesy,77,33.31,34.21,Azana,-"
"bnew_05,bnew_05_0004,ɛ,8,0.10347730544185652,406.41,406.5134773054419,-,-,0,concerned,816,406.11,406.59,from,residents"
"bnew_05,bnew_05_0005,æ,12,0.12000000000000455,489.83,489.95,-,-,0,earlier,927,489.83,490.15,-,complained"
"bnew_05,bnew_05_0006,ɒ,14,0.11000000000001364,496.21,496.32,-,-,0,returned,942,495.98,496.45,eventually,-"
"bnew_05,bnew_05_0007,ɒ,16,0.060000000000002274,499.92,499.98,-,-,0,returned,954,499.72,500.04,east,six"
"bnew_05,bnew_05_0008,ɑ,18,0.1500000000000341,505.9,506.05,-,-,0,Sir,971,505.73,506.05,-,Samuel"
"bnew_05,bnew_05_0009,ɒ,20,0.16833225369293814,601.741676886671,601.910009140364,-,-,0,return,1100,601.47,601.9960456255849,-,minutes"
"bnew_05,bnew_05_0010,ɔ,22,0.1057043434868774,610.8864382292674,610.9921425727542,-,-,0,further,1111,610.6,612.02,-,areas"
"bnew_05,bnew_05_0011,ɒ,24,0.12867744308709916,765.36,765.4886774430871,-,-,0,return,1287,765.27,765.62,-,-"
"bnew_06,bnew_06_0001,ɒ,2,0.20354764825239968,11.66,11.8635476482524,-,-,0,world,21,11.58,11.92,-,meteorological"
"bnew_06,bnew_06_0002,ɜ,4,0.14000000000000057,33.36,33.5,-,-,0,interpret,73,33.1,33.76,to,is"
"bnew_06,bnew_06_0003,ɔ,6,0.0799999999999983,35.09,35.17,-,-,0,courtesy,78,35.02,35.44,-,-"
"bnew_06,bnew_06_0004,ɛ,8,0.03999999999999915,42.33,42.37,-,-,0,early,95,42.33,42.67,-,next"
"bnew_06,bnew_06_0005,ɑ,10,0.20999999999999375,50.09,50.3,-,-,0,Sir,114,49.99,50.3,-,Samuel"
"bnew_06,bnew_06_0006,ɑ,12,0.15260581450591815,102.24234877103717,102.39495458554309,-,-,0,Sir,179,102.24,102.39495458554309,celebrations,-"
"bnew_06,bnew_06_0007,æ,14,0.1077217514159372,143.94485039692907,144.052572148345,-,-,0,Sir,256,143.85,144.066037367272,-,assertion"
"bnew_06,bnew_06_0008,ɜ,16,0.20000000000004547,313.03,313.23,-,-,0,observed,402,312.76,313.26,Ogunyemi,-"
"bnew_06,bnew_06_0009,ɛ,18,0.03999999999996362,316.48,316.52,-,-,0,early,414,316.48,316.7,-,-"
"bnew_06,bnew_06_0010,ɜ,20,0.15999999999996817,331.8,331.96,-,-,0,observed,456,331.54,331.99,Oladiran,-"
"bnew_06,bnew_06_0011,æ,22,0.07044200830858927,335.7995579916914,335.87,-,-,0,long-term,468,335.53,335.93,from,effects"
"bnew_06,bnew_06_0012,ɒ,24,0.11000000000001364,346.99,347.1,-,-,0,occurs,497,346.99,347.23,-,-"
"bnew_06,bnew_06_0013,ɛ,26,0.040000000000020464,368.56,368.6,-,-,0,earlier,558,368.56,368.96,-,-"
"bnew_06,bnew_06_0014,ɜ,28,0.07536893255110044,549.8564052267596,549.9317741593107,-,-,0,university,973,549.77,550.17,new,-"
"bnew_06,bnew_06_0015,ɜ,30,0.06509135083956608,554.1181755839568,554.1832669347964,-,-,0,university,985,553.85,554.42,the,-"
"bnew_06,bnew_06_0016,ɔ,32,0.16236435612950118,680.3976356438704,680.56,-,-,0,returned,1376,680.31,680.654989,remaining,one"
"bnew_06,bnew_06_0017,ɛ,34,0.09999999999990905,717.07,717.17,-,-,0,University,1491,716.65,717.54,-,of"
"bnew_06,bnew_06_0018,ɛ,36,0.08000000000004093,733.26,733.34,-,-,0,service,1545,733.1,733.56,long,to"
"bnew_06,bnew_06_0019,ɑ,38,0.07999999999992724,747.47,747.55,-,-,0,were,1593,747.4,747.55,who,supposed"
"bnew_06,bnew_06_0020,ɛ,40,0.08999999999991815,766.97,767.06,-,-,0,person,1661,766.88,767.34,every,-"
"bnew_06,bnew_06_0021,ɒ,42,0.05000000000006821,768.18,768.23,-,-,0,worked,1665,768.02,768.41,had,-"
"bnew_06,bnew_06_0022,ɛ,44,0.078794793121574,812.0397485357707,812.1185433288923,-,-,0,university,1759,811.56,813.26,-,Pension"
"bnew_06,bnew_06_0023,ɑ,46,0.1392503298312704,897.2907496701687,897.43,-,-,0,Sir,1839,897.1,897.63,its,and"
"bnew_06,bnew_06_0024,ɛ,48,0.09175827700823902,922.7582417229918,922.85,-,-,0,university,1881,922.73,922.96,each,-"
"bnew_07,bnew_07_0001,ɜ,2,0.08000000000000007,1.79,1.87,-,-,0,thirty,9,1.7,1.99,on,nine"
"bnew_07,bnew_07_0002,æ,4,0.04999999999999982,7.91,7.96,-,-,0,early,29,7.91,8.18,the,morning"
"bnew_07,bnew_07_0003,æ,6,0.10039920583520257,171.89781883380937,171.99821803964457,-,-,0,commercial,315,171.32,172.58,-,University"
"bnew_07,bnew_07_0004,ɒ,8,0.0951150371070355,200.03026152841895,200.12537656552598,-,-,0,workshop,353,199.75,200.32,and,-"
"bnew_07,bnew_07_0005,ɛ,10,0.12630842633967632,216.22369157366032,216.35,-,-,0,university,402,215.99,216.35,-,-"
"bnew_07,bnew_07_0006,ɒ,12,0.12682004947600944,275.60026932491314,275.72708937438915,-,-,0,worthy,555,275.44,275.72,-,-"
"bnew_07,bnew_07_0007,æ,14,0.1532408931169016,360.4784336127703,360.6316745058872,-,-,0,university,763,360.43,360.79,the,featured"
"bnew_07,bnew_07_0008,ɒ,16,0.10039920583517414,362.51356750414385,362.613966709979,-,-,0,workshop,767,362.32,362.75,repairs,identification"
"bnew_07,bnew_07_0009,ɒ,18,0.129398327021363,409.17060167297865,409.3,-,-,0,workshop,846,409.02,409.3,Centre,Distance"
"bnew_08,bnew_08_0001,æ,2,0.08999999999999986,2.17,2.26,-,-,0,thirty,9,2.1,2.37,on,nine"
"bnew_08,bnew_08_0002,ɜ,4,0.19000000000000128,8.95,9.14,-,-,0,rebirth,25,8.72,9.2,cocoa,-"
"bnew_08,bnew_08_0003,ɔ,6,0.05999999999999872,16.48,16.54,-,-,0,further,49,16.41,16.69,president,said"
"bnew_08,bnew_08_0004,ɜ,8,0.16000000000000014,19.3,19.46,-,-,0,rebirth,58,19.05,19.51,cocoa,-"
"bnew_08,bnew_08_0005,ɒ,10,0.2269489633111732,34.871359451986905,35.09830841529808,-,-,0,world,107,34.77,35.19,the,-"
"bnew_08,bnew_08_0006,ɜ,12,0.1699999999999946,57.99,58.16,-,-,0,rebirth,175,57.77,58.21,cocoa,-"
"bnew_08,bnew_08_0007,ɑ,14,0.09000000000000341,59.25,59.34,-,-,0,diversify,179,59.01,59.71,to,Nigeria's"
"bnew_08,bnew_08_0008,ɒ,16,0.18602259185763614,63.74,63.92602259185764,-,-,0,world,192,63.61,64.04,the,-"
"bnew_08,bnew_08_0009,ɜ,18,0.12999999999999545,209.19,209.32,-,-,0,research,489,208.97,209.51,space,and"
"bnew_08,bnew_08_0010,ɛ,20,0.09511503710700708,315.7016876242914,315.79680266139843,-,-,0,unversity,683,315.62921902459084,316.01,candidates,in"
"bnew_08,bnew_08_0011,ɔ,22,0.1041736120695873,352.6658581611758,352.77003177324536,-,-,0,further,718,352.63,352.8,-,Action"
"bnew_08,bnew_08_0012,æ,24,0.1449371994011699,420.3279855384518,420.47292273785297,-,-,0,experts,856,420.2736340886763,420.58,High,Abuja"
"bnew_08,bnew_08_0013,æ,26,0.09511503710700708,424.8452488574171,424.9403638945241,-,-,0,university,872,424.8180731325294,425.32,Congress,and"
"bnew_08,bnew_08_0014,æ,28,0.10417361206964415,799.9703016159754,800.074475228045,-,-,0,determine,1763,799.644989,800.37,the,supplementary"
"bnew_08,bnew_08_0015,ɜ,30,0.08153012515981573,855.8384698748401,855.92,-,-,0,further,1944,855.74,856.01,-,asked"
"bnew_08,bnew_08_0016,ɛ,32,0.07999999999992724,896.09,896.17,-,-,0,university,2045,895.7936756999478,896.68,plaintiffs,to"
"bnew_09,bnew_09_0001,ɜ,2,0.11574831222037307,3.43,3.5457483122203732,-,-,0,University,8,3.09,4.05,Awolowo,-"
"bnew_09,bnew_09_0002,ɛ,4,0.08000000000000007,14.62,14.7,-,-,0,university,44,14.35,15.03,the,Professor"
"bnew_09,bnew_09_0003,ɛ,6,0.07000000000000028,50.72,50.79,-,-,0,university,151,50.46,51.11,the,-"
"bnew_09,bnew_09_0004,ɛ,8,0.0799999999999983,54.47,54.55,-,-,0,university,160,54.23,54.9,the,administration"
"bnew_09,bnew_09_0005,æ,10,0.11999999999999744,56.17,56.29,-,-,0,affirmed,162,55.89,56.44,administration,that"
"bnew_09,bnew_09_0006,ɔ,12,0.17273917309610454,69.4372608269039,69.61,-,-,0,urged,201,69.22,69.82,Faborode,them"
"bnew_09,bnew_09_0007,ɛ,14,0.10999999999999943,97.91,98.02,-,-,0,university,292,97.59,98.21,the,administration"
"bnew_09,bnew_09_0008,ɑ,16,0.12000000000000455,107.83,107.95,-,-,0,rebirth,316,107.6,108.02,cocoa,celebrations"
"bnew_09,bnew_09_0009,ɛ,18,0.09000000000000341,109.78,109.87,-,-,0,earlier,324,109.78,110.08,-,this"
"bnew_09,bnew_09_0010,ɛ,20,0.07360092157091458,453.8939627416735,453.9675636632444,-,-,0,service,1155,453.87433582925456,454.26,Mosobalaje,who"
"bnew_09,bnew_09_0011,ɑ,22,0.04613923546969545,569.3255501211543,569.371689356624,-,-,0,fertilizer,1383,569.24,569.8322996903808,-,five"
"bnew_09,bnew_09_0012,æ,24,0.0401426400831042,597.446617327051,597.486759967134,-,-,0,fertilizer,1439,597.4217047953161,597.9847598722345,six,states"
"bnew_09,bnew_09_0013,ɛ,26,0.1605705603324168,717.17129883085,717.3318693911824,-,-,0,firm,1662,717.12,717.4263226619662,include,civilians"
"bnew_10,bnew_10_0001,ɛ,2,0.09000000000000008,1.39,1.48,-,-,0,thirty,7,1.33,1.63,on,nine"
"bnew_10,bnew_10_0002,ɜ,4,0.08999999999999986,26.28,26.37,-,-,0,certain,82,26.17,26.52,by,public"
"bnew_10,bnew_10_0003,ɔ,6,0.10989879659808466,28.41,28.519898796598085,-,-,0,persons,89,28.36,28.91,other,-"
"bnew_10,bnew_10_0004,ɔ,8,0.0907532035792542,204.1651640296245,204.25591723320375,-,-,0,nursing,279,203.83,204.8,Onifade,profession"
"bnew_10,bnew_10_0005,ɜ,10,0.07745663777706113,213.85560436418427,213.93306100196133,-,-,0,university,298,213.60969423920793,214.12,famers,in"
"bnew_10,bnew_10_0006,ɔ,12,0.07916467459492083,219.04090737508056,219.12007204967549,-,-,0,nurses,310,218.93,219.27,east,local"
"bnew_10,bnew_10_0007,ɔ,14,0.0977579816660068,231.90311472383095,232.00087270549696,-,-,0,nurses,331,231.81,232.07,over,family"
"bnew_10,bnew_10_0008,ɔ,16,0.07358442314620106,253.3754389429669,253.4490233661131,-,-,0,nurses,378,253.36492688251744,253.52,report,all"
"bnew_10,bnew_10_0009,æ,18,0.09250613195524693,259.54550948503345,259.6380156169887,-,-,0,services,390,259.5,259.81,said,the"
"bnew_10,bnew_10_0010,æ,20,0.0743886634655837,304.1466836701304,304.221072333596,-,-,0,university,439,303.88891830137766,304.4667279199241,he,that"
"bnew_10,bnew_10_0011,ɔ,22,0.07589865617234182,307.4711297243465,307.54702838051884,-,-,0,nurses,451,307.31858830752947,307.6921287526131,will,be"
"bnew_10,bnew_10_0012,ɔ,24,0.11310387978625158,321.3834115070004,321.49651538678665,-,-,0,nursing,482,321.3298359849964,321.6453362812423,Ignatius,Ayua"
"bnew_10,bnew_10_0013,ɒ,26,0.09371316413728437,326.04372746019834,326.1374406243356,-,-,0,nursing,492,326.03,326.27597312784286,inception,practice"
"bnew_10,bnew_10_0014,ɒ,28,0.14207568599726983,417.91792431400273,418.06,-,-,0,nursing,707,417.8364346060573,418.18955667382085,called,services"
"bnew_10,bnew_10_0015,æ,30,0.10846446433066603,418.31973648226364,418.4282009465943,-,-,0,services,708,418.18955667382085,418.78714786542076,nursing,nurses"
"bnew_10,bnew_10_0016,ɔ,32,0.07605706074900809,540.1839815873286,540.2600386480776,-,-,0,burn,902,540.13,540.3523936504158,their,cocoa"
"bnew_10,bnew_10_0017,ɑ,34,0.15000000000009095,581.17,581.32,-,-,0,burnt,966,581.08,581.53,the,cocoa"
"bnew_10,bnew_10_0018,ɜ,36,0.1352144523871175,583.86,583.9952144523871,-,-,0,thirty,973,583.83,584.27,one,six"
"bnew_10,bnew_10_0019,æ,38,0.09000000000003183,607.48,607.57,-,-,0,inferno,1044,607.26,607.84,the,-"
"btal_01,btal_01_0001,ɔ,2,0.18536587460241805,33.57512334931088,33.7604892239133,-,-,0,world,96,33.44,33.89,the,-"
"btal_01,btal_01_0002,ɛ,4,0.19648782707855617,51.04491242917633,51.241400256254884,-,-,0,intern,142,50.76,51.32,House,-"
"btal_01,btal_01_0003,ɒ,6,0.11999999999999744,54.61,54.73,-,-,0,world,154,54.54,54.97,-,-"
"btal_01,btal_01_0004,ɒ,8,0.2526132995750032,92.67,92.922613299575,-,-,0,world,262,92.59,93.1,whole,-"
"btal_01,btal_01_0005,ɛ,10,0.1270424221301596,94.56,94.68704242213016,-,-,0,determine,268,94.32,94.89,to,-"
"btal_01,btal_01_0006,ɔ,12,0.10000000000000853,109.69,109.79,-,-,0,turn,305,109.56,109.85,to,their"
"btal_01,btal_01_0007,ɔ,14,0.14000000000001478,165.64,165.78,-,-,0,purpose,478,165.53,166.03,his,in"
"btal_01,btal_01_0008,ɒ,16,0.2300000000000182,183.92,184.15,-,-,0,first,533,183.8,184.24,at,it"
"btal_01,btal_01_0009,ɔ,18,0.18999999999999773,225.71,225.9,-,-,0,turned,641,225.62,225.93,who,his"
"btal_01,btal_01_0010,ɛ,20,0.1599999999999966,234.62,234.78,-,-,0,purpose,665,234.48,235.1,great,-"
"btal_01,btal_01_0011,ɒ,22,0.12000000000000455,240.44,240.56,-,-,0,turbulent,681,240.3,241.02,the,-"
"btal_01,btal_01_0012,æ,24,0.11000000000001364,258.14,258.25,-,-,0,determine,717,257.94,258.49,to,why"
"btal_01,btal_01_0013,ɛ,26,0.07999999999998408,269.8,269.88,-,-,0,personality,749,269.7,270.46,a,type"
"btal_01,btal_01_0014,ɔ,28,0.22000000000002728,329.59,329.81,-,-,0,words,913,329.5,330.17,Clinton's,-"
"btal_01,btal_01_0015,ɔ,30,0.14999999999997726,333.11,333.26,-,-,0,worst,924,332.95,333.42,the,-"
"btal_01,btal_01_0016,ɛ,32,0.160000000000025,402.01,402.17,-,-,0,earned,1087,402.01,402.2,hard,money"
"btal_04,btal_04_0001,ɛ,2,0.1999999999999993,20.84,21.04,-,-,0,words,60,20.73,21.13,his,-"
"btal_04,btal_04_0002,æ,4,0.0899999999999892,77.04,77.13,-,-,0,experts,200,76.62,77.19,engage,-"
"btal_04,btal_04_0003,æ,6,0.21063794050579077,132.33936205949422,132.55,-,-,0,concert,350,132.02,132.58,in,-"
"btal_04,btal_04_0004,ɒ,8,0.04999999999998295,132.87,132.92,-,-,0,working,352,132.74,133.2,-,-"
"btal_04,btal_04_0005,ɑ,10,0.06999999999999318,152.84,152.91,-,-,0,affirm,414,152.78,153.01,to,that"
"btal_04,btal_04_0006,æ,12,0.2017750354345651,165.89,166.09177503543455,-,-,0,affirmed,446,165.69,166.25,we,to"
"btal_04,btal_04_0007,ɑ,14,0.11536783105154313,185.61859645180405,185.7339642828556,-,-,0,observance,508,185.32,185.74617669069528,the,of"
"btal_04,btal_04_0008,æ,16,0.10661725996888549,207.78,207.8866172599689,-,-,0,services,569,207.75,208.19,care,-"
"btal_04,btal_04_0009,ɔ,18,0.08476003913989416,215.9026923154706,215.9874523546105,-,-,0,work,587,215.71,215.98,but,work"
"btal_04,btal_04_0010,æ,20,0.08476003913989416,366.57575696625213,366.660517005392,-,-,0,emergency,1054,366.41,366.99,national,-"
"btal_04,btal_04_0011,ɔ,22,0.16716563274815144,407.99394441965205,408.1611100524002,-,-,0,work,1171,407.99045042665347,408.21,constitution,-"
"btal_04,btal_04_0012,æ,24,0.267678271021623,434.83,435.0976782710216,-,-,0,observable,1254,434.66,435.48,are,lacunae"
"btal_04,btal_04_0013,ɔ,26,0.14731091354883574,473.35879113909175,473.5061020526406,-,-,0,urge,1362,473.3,473.607714057693,you,never"
"btal_04,btal_04_0014,ɔ,28,0.15999999999996817,516.12,516.28,-,-,0,work,1497,515.98,516.31,-,collectively"
"btal_21,btal_21_0001,ɛ,2,0.2944482729597837,138.7836165954716,139.0780648684314,-,-,0,research,156,138.31,139.4660791920604,royal,fathers"
"btal_21,btal_21_0002,æ,4,0.19668750802253498,160.98326921649752,161.17995672452005,-,-,0,service,180,160.90073303945823,161.5212316871861,ministers,-"
"btal_21,btal_21_0003,ɒ,6,0.17384977818369407,265.9363545194765,266.1102042976602,-,-,0,purpose,374,265.6398214768625,266.45422595200523,-,and"
"btal_21,btal_21_0004,ɔ,8,0.11903228055820136,276.25638917992353,276.37542146048173,-,-,0,word,394,276.05,276.45574943746675,in,other"
"btal_21,btal_21_0005,ɑ,10,0.18637949192662973,308.1097205839742,308.2961000759008,-,-,0,serve,462,308.04,308.7258663034299,not,by"
"btal_21,btal_21_0006,æ,12,0.15192277913354246,339.21052859756435,339.3624513766979,-,-,0,serve,528,339.0936048799421,339.62,the,people"
"btal_21,btal_21_0007,æ,14,0.11866308797721103,349.60272250239575,349.72138559037296,-,-,0,Sir,551,349.55,349.73,of,Ahmadu"
"btal_21,btal_21_0008,æ,16,0.061082354496988955,359.9967406043841,360.0578229588811,-,-,0,circumstances,576,359.8403719664685,360.671396941104,normal,-"
"btal_21,btal_21_0009,ɑ,18,0.12059849477606122,427.4789850446621,427.5995835394382,-,-,0,Sir,710,427.43,427.61,of,Ahmadu"
"btal_21,btal_21_0010,ɑ,20,0.15662142178706517,438.1908884131936,438.34750983498066,-,-,0,service,729,437.9,438.48204133884025,devoted,the"
"btal_21,btal_21_0011,ɔ,22,0.07047963980420491,440.43903612307196,440.50951576287616,-,-,0,worship,736,440.4,440.61,the,of"
"btal_21,btal_21_0012,æ,24,0.13312820851905371,457.1797078061245,457.31283601464355,-,-,0,personality,771,457.11342094029595,457.49,towering,of"
"btal_21,btal_21_0013,ɑ,26,0.146968889120501,458.6428664843735,458.789835373494,-,-,0,Sir,776,458.5196671136777,458.8354566040392,-,Bello"
"btal_21,btal_21_0014,ɛ,28,0.06578099715056851,459.82342649863983,459.8892074957904,-,-,0,certainly,779,459.77,460.12,-,not"
"btal_21,btal_21_0015,ɑ,30,0.22372953607151658,503.28,503.5037295360715,-,-,0,virtues,875,503.19,503.95,the,and"
"btal_21,btal_21_0016,ɑ,32,0.1693788758627761,551.2448170153247,551.4141958911874,-,-,0,sterling,969,551.17,551.66,those,qualities"
"btal_21,btal_21_0017,ɒ,34,0.15634973156568321,583.0400315384508,583.1963812700164,-,-,0,worth,1043,582.9972123350506,583.3739436568853,of,virtues"
"btal_21,btal_21_0018,ɑ,36,0.174590533581636,583.3988470718315,583.5734376054131,-,-,0,virtues,1044,583.3739436568853,583.92,worth,of"
"btal_21,btal_21_0019,ɑ,38,0.09641566779873756,584.3886360302623,584.485051698061,-,-,0,Sir,1047,584.29,584.69,Sir,Bello"
"btal_21,btal_21_0020,æ,40,0.16677304700328932,599.3950811280131,599.5618541750164,-,-,0,deserve,1078,599.2073502302859,599.66,that,Nigeria"
"btal_21,btal_21_0021,ɒ,42,0.10162732551771114,611.3735614845085,611.4751888100262,-,-,0,burden,1104,611.25,612.2,a,and"
"btal_21,btal_21_0022,æ,44,0.09000000000003183,616.75,616.84,-,-,0,earnestly,1117,616.65,617.13,need,today"
"btal_21,btal_21_0023,æ,46,0.10162732551759746,622.1825127486374,622.284140074155,-,-,0,determination,1130,622.08,622.81,the,to"
"btal_21,btal_21_0024,æ,48,0.060344751703837574,659.8825611867411,659.9429059384449,-,-,0,certain,1199,659.81,660.04,the,number"
"btal_21,btal_21_0025,æ,50,0.05576160600480762,663.764244275676,663.8200058816808,-,-,0,certain,1212,663.6669637786013,664.1267975978996,are,things"
"btal_21,btal_21_0026,æ,52,0.1596462418496003,691.2306627691906,691.3903090110402,-,-,0,thirtieth,1274,690.95,691.69,August,two"
"btal_21,btal_21_0027,æ,54,0.15200766568455037,702.7631055990506,702.9151132647352,-,-,0,Sir,1299,702.71,702.92,premier,Ahmadu"
"btal_21,btal_21_0028,ɔ,56,0.1596462418496003,748.3322964843139,748.4919427261635,-,-,0,further,1384,747.98,748.69,was,amplified"
"btal_21,btal_21_0029,ɑ,58,0.1848535431943219,780.5116393754854,780.6964929186797,-,-,0,Sir,1452,780.5080621799015,780.76,aspiration,of"
"btal_21,btal_21_0030,ɔ,60,0.11260766235966457,852.6082711228079,852.7208787851675,-,-,0,networking,1590,852.29,853.73,and,with"
"btal_21,btal_21_0031,ɒ,62,0.09395448683017094,938.2906942552144,938.3846487420445,-,-,0,teamwork,1759,938.07,939.047299226737,the,-"
"btal_21,btal_21_0032,æ,64,0.12985579480584875,944.0972161155945,944.2270719104004,-,-,0,person,1777,944.04,944.45,person,be"
"btal_21,btal_21_0033,ɑ,66,0.16929066714578767,1002.9004673598653,1003.0697580270111,-,-,0,Sir,1895,1002.87,1003.0731269955114,by,Ahmadu"
"btal_21,btal_21_0034,ɔ,68,0.1023569206117827,1024.4835405802194,1024.5858975008312,-,-,0,furtherance,1950,1024.45,1025.33,and,under"
"btal_21,btal_21_0035,ɑ,70,0.15277152330099852,1063.9901188281308,1064.1428903514318,-,-,0,Sir,2038,1063.98,1064.28,of,Bello"
"btal_22,btal_22_0001,æ,2,0.167127401694124,42.51546833117155,42.68259573286567,-,-,0,servant,45,42.504989,42.97,chief,Niger"
"btal_22,btal_22_0002,ɔ,4,0.0880204315589026,196.44670730676657,196.53472773832547,-,-,0,pursue,257,196.27,198.33,to,projects"
"btal_22,btal_22_0003,æ,6,0.27250122846226077,203.49137898329604,203.7638802117583,-,-,0,serve,260,203.2450207441865,203.96285941429318,and,-"
"btal_22,btal_22_0004,æ,8,0.2094737334437866,212.92460658073983,213.13408031418362,-,-,0,Sir,282,212.91920579929965,213.12622749300294,of,Ahmadu"
"btal_22,btal_22_0005,ɛ,10,0.22059623256470218,220.80940911589184,221.03000534845654,-,-,0,serve,294,220.65363274655593,221.16850535265743,the,foundation"
"btal_22,btal_22_0006,æ,12,0.213181233150749,229.23433761902325,229.447518852174,-,-,0,Sir,307,229.2337566044226,229.45,the,Ahmadu"
"btal_22,btal_22_0007,æ,14,0.15487139223654367,250.39594172363988,250.55081311587642,-,-,0,research,343,250.1535265676648,250.85,must,research"
"btal_22,btal_22_0008,æ,16,0.13481610403326272,254.9742304228221,255.10904652685537,-,-,0,service,360,254.94,255.6984000247032,easily,above"
"btal_22,btal_22_0009,æ,18,0.16824158437208325,293.15117112145987,293.31941270583195,-,-,0,service,398,292.7792969675945,293.6250817974827,of,-"
"btal_22,btal_22_0010,æ,20,0.16712740169407425,302.1591389656727,302.32626636736677,-,-,0,servant,409,302.1456881499843,302.6995241662105,leadership,qualities"
"btal_22,btal_22_0011,ɒ,22,0.13258773867732998,362.8902539409378,363.0228416796151,-,-,0,worthy,514,362.91,363.4,human,is"
"btal_22,btal_22_0012,æ,24,0.17074557029292237,375.327834395927,375.49857996621995,-,-,0,firm,528,375.33453073233005,375.55,people,loved"
"btal_22,btal_22_0013,ɔ,26,0.12819778804083626,401.93198300283444,402.0601807908753,-,-,0,worthy,577,401.93,402.14,a,are"
"btal_22,btal_22_0014,æ,28,0.22506490094809806,404.8024703095244,405.0275352104725,-,-,0,research,582,404.5,405.2617015715489,study,deserves"
"btal_22,btal_22_0015,æ,30,0.23063581433785885,408.9194873800309,409.15012319436875,-,-,0,learn,593,408.84154822496924,409.68,to,live"
"btal_22,btal_22_0016,ɑ,32,0.2306358143379157,419.27002802097707,419.500663835315,-,-,0,Sir,621,419.13369359798907,419.5037578691216,with,Ahmadu"
"btal_22,btal_22_0017,ɔ,34,0.1370444693891386,424.25057980212006,424.3876242715092,-,-,0,work,629,424.2215872054127,424.54,some,my"
"btal_22,btal_22_0018,æ,36,0.14834797426317436,498.23506337182044,498.3834113460836,-,-,0,Sir,740,498.21178169998024,498.39221465674217,President,-"
"btal_22,btal_22_0019,æ,38,0.13043064397379567,532.360131189555,532.4905618335288,-,-,0,personally,794,532.33,532.9079820568886,of,man"
"btal_22,btal_22_0020,æ,40,0.1637176848875015,673.6376977351457,673.8014154200332,-,-,0,search,975,673.6178320158907,673.8649476559597,that,the"
"btal_22,btal_22_0021,ɜ,42,0.13754504273595103,675.9162226345793,676.0537676773152,-,-,0,work,985,675.9162226345793,676.1,of,Sir"
"btal_22,btal_22_0022,ɛ,44,0.2371466254068082,686.9771968151703,687.2143434405771,-,-,0,serve,1006,686.9650098563486,687.44,selflessly,in"
"btal_33,btal_33_0001,ɛ,2,0.4399999999999995,12.68,13.12,-,-,0,erm,48,12.68,13.15,-,Facebook"
"btal_33,btal_33_0002,ɛ,4,0.14294470608305687,25.76462385506228,25.907568561145336,-,-,0,thirteen,84,25.7,26.19,-,hidden"
"btal_33,btal_33_0003,ɛ,6,0.08611126872473207,28.055655174123068,28.1417664428478,-,-,0,personal,90,28.01,28.36,your,history"
"btal_33,btal_33_0004,æ,8,0.03878116548298749,72.64218179228654,72.68096295776952,-,-,0,paternal,238,72.41,72.95,-,lineage"
"btal_33,btal_33_0005,æ,10,0.0993725588115808,95.5104578430749,95.60983040188648,-,-,0,paternal,322,95.31,95.81,-,lineage"
"btal_33,btal_33_0006,ɔ,12,0.11634349644896247,155.77173778164953,155.8880812780985,-,-,0,work,522,155.66,155.92,to,with"
"btal_33,btal_33_0007,ɒ,14,0.04264032982320032,221.80736648099622,221.85000681081942,-,-,0,worse,757,221.66,221.9,-,still"
"btal_33,btal_33_0008,ɛ,16,0.13146161426115555,239.70881613384793,239.8402777481091,-,-,0,thirteen,823,239.68,240.03,-,coded"
"btal_33,btal_33_0009,ɛ,18,0.20729136128406367,248.4,248.60729136128407,-,-,0,erm,851,248.4,248.71,un-,the"
"btal_33,btal_33_0010,ɛ,20,0.16976145463644343,342.1195450444051,342.2893064990415,-,-,0,first,1168,341.97,342.33,Nigeria's,census"
"btal_33,btal_33_0011,ɛ,22,0.13870753000782088,417.4399515622111,417.5786590922189,-,-,0,thirty,1432,417.16,417.67,a,year"
"btal_33,btal_33_0012,æ,24,0.13146161426112712,446.118467149292,446.2499287635531,-,-,0,expert,1529,445.78,446.3,are,in"
"btal_33,btal_33_0013,æ,26,0.20081537926506599,460.59937770396016,460.8001930832252,-,-,0,expert,1584,460.22,460.83,were,-"
"btal_33,btal_33_0014,ɑ,30,0.12111030605160522,482.4584631152652,482.5795734213168,-,-,0,experts,1658,482.1,482.64,-,in"
"btal_33,btal_33_0015,ɛ,32,0.17907763202504157,525.1199527847707,525.2990304167957,-,-,0,third,1807,524.99,525.33,twenty,coaching"
"btal_36,btal_36_0001,æ,2,0.10000000000000142,12.61,12.71,-,-,0,searchlight,45,12.57,13.11,the,on"
"btal_36,btal_36_0002,ɔ,4,0.04999999999999716,25.01,25.06,-,-,0,work,89,24.96,25.09,a,mode"
"btal_36,btal_36_0003,ɔ,6,0.06289557166046578,28.89878980123843,28.961685372898895,-,-,0,work,104,28.77,28.98747764481585,for,you"
"btal_36,btal_36_0004,ɔ,8,0.07000000000000028,29.72,29.79,-,-,0,work,106,29.51,29.82,you,-"
"btal_36,btal_36_0005,ɑ,10,0.09571065252679034,48.551907762250295,48.647618414777085,-,-,0,version,179,48.5253134897992,48.74,harmonised,of"
"btal_36,btal_36_0006,æ,12,0.12032196317654353,55.80658531551317,55.92690727868971,-,-,0,certain,202,55.715454312582985,56.17,-,innovative"
"btal_36,btal_36_0007,æ,14,0.10123485520357178,68.27493860242386,68.37617345762743,-,-,0,internal,243,68.06,68.53,-,democracy"
"btal_36,btal_36_0008,ɛ,16,0.09000000000000341,72.07,72.16,-,-,0,learned,254,71.93,72.21,-,-"
"btal_36,btal_36_0009,ɒ,18,0.14356597879019262,79.72764328651596,79.87120926530615,-,-,0,worthy,284,79.62,80.024989,general,of"
"btal_36,btal_36_0010,ɛ,20,0.15000000000000568,110.8,110.95,-,-,0,emerged,390,110.76778595878494,111.10889325345634,candidate,through"
"btal_36,btal_36_0011,ɛ,22,0.08750688231020831,115.89702236976434,115.98452925207455,-,-,0,thirty,408,115.83,116.23,section,three"
"btal_36,btal_36_0012,ɛ,24,0.09707794756289445,142.37393145761718,142.47100940518007,-,-,0,emerge,499,142.22,142.58269716036256,only,and"
"btal_36,btal_36_0013,æ,26,0.14766786389847653,156.65980460770942,156.8074724716079,-,-,0,observe,538,156.65,157.000533261382,Jonathan,let"
"btal_36,btal_36_0014,ɑ,28,0.1342315589178611,198.15576844108213,198.29,-,-,0,concerns,686,197.88,198.35,serious,-"
"btal_36,btal_36_0015,ɔ,30,0.08340499720191019,204.0276105216911,204.111015518893,-,-,0,first,709,204.02,204.25,-,-"
"btal_36,btal_36_0016,ɑ,32,0.08340499720193861,210.69996173907836,210.7833667362803,-,-,0,observers,737,210.71,211,political,saw"
"btal_36,btal_36_0017,æ,34,0.09000000000000341,216.51,216.6,-,-,0,emergence,764,216.42,216.79,the,of"
"btal_36,btal_36_0018,æ,36,0.08750688231020831,249.62740982614744,249.71491670845765,-,-,0,internal,879,249.61549385410436,249.87541748151568,deepen,democracy"
"btal_36,btal_36_0019,ɔ,38,0.10254712770728247,270.12594049496556,270.22848762267284,-,-,0,work,960,270.09753271507617,270.25,us,-"
"bnew_02,bnew_02_0001,æ,2,0.06999999999999984,3.48,3.55,-,-,0,internet,14,3.3,3.81,-,-"
"bnew_02,bnew_02_0002,ɑ,4,0.17404630345772887,30.18595369654227,30.36,-,-,0,thirteenth,75,30.12,30.65,the,-"
"bnew_02,bnew_02_0003,ɪ,6,0.03999999999999204,162.27,162.31,-,-,0,interim,112,162.005,162.49,with,measures"
"bnew_02,bnew_02_0004,æ,8,0.11000000000001364,178.48,178.59,-,-,0,service,156,178.28,178.8,custom,-"
"bnew_02,bnew_02_0005,ɛ,12,0.12000000000000455,182.03,182.15,-,-,0,service,164,181.88,182.32,operators,providers"
"bnew_02,bnew_02_0006,ɒ,14,0.09000000000000341,183.41,183.5,-,-,0,journalists,167,183.31,183.8,and,to"
"bnew_02,bnew_02_0007,ɔ,16,0.08999999999997499,248.11,248.2,-,-,0,nurses,349,247.98,248.625,only,are"
"bnew_02,bnew_02_0008,æ,18,0.05579340158266177,470.42,470.4757934015827,-,-,0,internet,1039,470.42,470.5,patients,they"
"bnew_02,bnew_02_0009,æ,20,0.08592296334751381,508.32810531944966,508.4140282827972,-,-,0,interview,1171,508.26516622277603,508.43,problem,makes"
"bnew_02,bnew_02_0010,ɑ,22,0.08108223301815087,515.71864986475,515.7997320977681,-,-,0,certainty,1188,515.66,515.97,branch,of"
"bnew_04,bnew_04_0001,ɒ,2,0.08415776727261104,11.059643571573304,11.143801338845915,-,-,0,courtesy,26,10.99,11.42,-,of"
"bnew_04,bnew_04_0002,ɔ,4,0.13399076456153125,54.00750992981781,54.14150069437934,-,-,0,work,108,54,54.25,correspondent,-"
"bnew_04,bnew_04_0003,æ,6,0.08534443602644615,87.7650582257702,87.85040266179665,-,-,0,personnel,182,87.73,88.28,villages,-"
"bnew_04,bnew_04_0004,ɒ,8,0.08286812503726537,104.44266040835078,104.52552853338804,-,-,0,person,216,104.17,104.85,headcount,will"
"bnew_04,bnew_04_0005,ɛ,10,0.2899999999999636,387.49,387.78,-,-,0,erm,815,387.49,387.81,about,-"
"bnew_04,bnew_04_0006,æ,12,0.07272736524350876,577.6403683042923,577.7130956695358,-,-,0,personnel,1120,577.5,577.83,insufficient,and"
"bnew_04,bnew_04_0007,ɛ,14,0.06672383556997374,634.2387701966634,634.3054940322334,-,-,0,eight,1234,634.22,634.44,-,-"
"bnew_04,bnew_04_0008,ɒ,16,0.12798970518281294,891.7987133948326,891.9267031000154,-,-,0,return,1683,891.66,892,-,their"
